CONTROL_SOBOLEVSKY_1;CONTROL_SOBOLEVSKY_2;CONTROL_SOBOLEVSKY_3;KIREYEVSKY_1;KIREYEVSKY_2;KIREYEVSKY_3;PESENNIKI_1;PESENNIKI_2;PESENNIKI_3;RUSCORPORA_1;RUSCORPORA_2;RUSCORPORA_3;RUSSKIE_PESNI_1;RUSSKIE_PESNI_2;RUSSKIE_PESNI_3;SOBOLEVSKY_FULL_1;SOBOLEVSKY_FULL_2;SOBOLEVSKY_FULL_3
я;0.60910335889697;0.517737855062424;0.959337790262726;-0.274096511503637;-0.365462015338182;-0.350234431365757;0.913655038345455;1.0659308780697;1.26388946971121;-1.87299282860818;-1.62935148504939;-1.85776524463576;0.791834366566061;0.700468862731515;0.517737855062424;-0.411144767255455;-0.60910335889697;0.0304551679448485
не;0.380236942160694;1.00421551391158;0.458234263629554;0.165744308121328;0.263240959957403;-0.0877469866524678;0.00974966518360734;-0.00974966518360734;0.692226228036136;-2.01818069300676;-1.99868136263955;-1.45270011235752;1.04321417464601;1.17970948721651;1.41370145162309;-0.282740290324619;-0.497232924363985;-0.263240959957404
в;-1.07605374505098;-1.09530719178152;-0.902772724476172;-0.59471757678762;-0.941279617937241;-0.344422769290672;-0.0171141748715863;0.0406461653200172;-0.0748745150631898;1.34988054299636;1.00331850184674;2.19703219913988;1.25361330934369;0.560489227044448;0.984065055116207;-0.960533064667776;-0.498450343134948;-0.883519277745638
ты;-0.623141921704868;-0.821226770988535;-0.400296466260743;0.0949156569484235;-0.202211616977077;-0.202211616977077;0.73869141712034;0.317761112392548;0.367282324713465;-1.11835404491403;-1.58880556196274;-1.66308738044412;1.60531263273638;1.58055202657592;1.72911566353867;-0.226972223137535;-0.0784085861747848;0.491085355515756
на;0.481411716929177;0.769386097448744;0.481411716929177;0.638488651758031;0.455232227791034;0.847924564863171;-0.0421780658336737;0.219616825547751;0.324334782100321;-1.90092179464179;-1.58676792498408;-1.24643456618823;-0.749024272563522;-1.40351150101708;-0.644306316010951;0.900283543139456;1.24061690193531;1.21443741279717
и;-0.757347943804604;-0.685825052994096;-0.707281920237248;-0.642911318507791;-0.678672763913045;-0.678672763913045;-0.356819755265758;-0.263839997212097;-0.235230840887894;1.83893299261685;2.22515660299359;2.13217684493993;0.136688191326749;0.186754214894105;0.1438404804078;-0.535626982292029;-0.557083849535181;-0.564236138616232
мой;0.994115848447522;0.790194648765979;1.27450749800964;-0.280391649562121;-0.101960599840772;0.254901499601929;0.662743898965015;0.484312849243664;0.994115848447522;-1.96274154693485;-1.98823169689504;-1.86078094709408;0.17843104972135;0.17843104972135;0.407842399363086;0.127450749800964;-0.53529314916405;0.382352249402893
с;-1.5051543369736;-1.15970907930753;-0.764914499117733;0.123373306309311;0.172722628833036;0.123373306309311;-0.616866531546559;-0.51816788649911;-0.320770596404211;0.271421273880486;0.912962466688908;0.567517209022834;1.65320230454478;1.75190094959223;1.65320230454478;-0.814263821641458;-1.20905840183126;-0.320770596404211
что;-0.464189604335719;0.182681070093412;-1.38058972644365;-0.679813162478763;-0.0329424880496314;-1.48840150551518;0.991269413129827;1.26079886080863;2.12329309338081;-0.679813162478763;-1.21887205783637;-0.0329424880496314;1.15298708173711;0.721739965451022;0.775645854986783;-0.733719052014524;-0.140754267121153;-0.356377825264197
он;-1.14286737976357;-1.1057345046088;-0.623007127596748;-0.325944126358564;-0.697272877906294;-0.511608502132429;-0.40020987666811;-0.288811251203791;-0.363077001513336;1.41930100591577;2.60755301086851;1.82776263261827;0.268181876117805;0.453846251891671;-0.103146875429925;-0.548741377287202;-0.251678376049018;-0.214545500894244
по;1.24449474643267;0.569937995543192;1.04774902742324;0.7104706519785;1.10396208999736;1.10396208999736;0.457511870394946;0.204553088811392;-0.132725286633346;-1.45373225712524;-1.65047797613467;-1.65047797613467;-0.891601631384008;-1.17266694425462;-0.694855912374577;0.120233494950207;0.513724932969069;0.569937995543192
быть;-0.122980121753275;1.58756157172409;0.581360575560933;-1.12918111791643;0.380120376328302;-1.12918111791643;0.681980675177249;-0.626080619834852;1.28570127287514;1.28570127287514;0.0782600774793564;0.88322087440988;0.983840974026195;-1.73290171561432;-0.726700719451168;-0.424840420602221;-0.726700719451168;-1.12918111791643
во;0.575658873217317;0.845116218127551;0.551162750952751;0.943100707185818;0.453178261894484;0.796123973598418;0.575658873217317;0.820620095862984;0.306201528307084;-1.38403090794802;-1.45751927474172;-1.40852703021259;-1.23705417436062;-1.35953478568345;-1.26155029662518;1.06558131850865;0.551162750952751;0.624651117746451
то;0.596897454985938;0.346200523891844;0.202945134695219;0.346200523891844;0.632711302285095;0.883408233379189;-0.298448727492969;0.059689745498594;0.0238758981994377;-1.15798106267272;-0.835656436980314;-1.40867799376681;-1.22960875727103;-1.3370502991685;-1.0147256734761;0.704338996883407;2.02945134695219;1.45642979016569
как;-1.43712726409951;-0.479042421366504;-0.958084842733006;-0.766467874186406;-1.14970181127961;-2.01197816973931;0.766467874186405;0.0958084842733007;0.670659389913104;0.958084842733006;0.287425452819902;1.34131877982621;1.14970181127961;0.670659389913104;1.24551029555291;0.191616968546601;0.191616968546601;-0.766467874186406
за;0.485632742380887;0.865693149461581;0.97971127158579;1.13173543441807;0.447626701672818;0.447626701672818;0.219590457424401;0.29560253884054;1.20774751583421;-1.30065117089838;-1.79472970010328;-1.49068137443872;-1.1486270080661;-1.22463908948224;-0.844578682401543;0.333608579548609;0.561644823797026;0.827687108753512
у;1.20725345851047;0.943453006271458;1.40510379768972;0.349901988733686;0.547752327912944;0.382877045263563;0.547752327912944;0.283951875673934;0.250976819144058;-1.33182589429;-1.62860140305888;-1.69455151611864;-1.29885083776012;-0.936125215931485;-0.80422498981198;0.613702440972696;0.349901988733686;0.811552780151953
а;-0.163326219190313;0.13066097535225;0.424648169894812;0.0571641767166093;1.45360335079378;1.01262255897994;0.718635364437374;-0.383816615097235;0.571641767166093;-1.48626859463184;-1.85375258781005;-1.045287802818;-0.971791004182359;-0.677803809639796;-0.971791004182359;1.01262255897994;0.792132163073015;1.38010655215814
милый;-0.395400466556855;-0.154954236893903;-0.347311220624265;0.662562943960136;0.277848976499412;0.325938222432003;0.854919927690499;1.3358123870164;0.95109841955568;-1.88616709046716;-1.88616709046716;-1.88616709046716;0.181670484634231;0.758741435825318;0.662562943960136;0.374027468364593;-0.539668204354627;0.710652189892727
да;1.73794769864711;1.42605279759379;1.76913718875244;-0.351748138410134;0.209662683485843;-0.0710427274621452;-0.60126405925279;-0.663643039463454;-0.382937628515466;-1.13148539104343;-1.16267488114877;-1.22505386135943;-0.694832529568786;-0.570074569147458;-0.788400999884782;0.677505035065823;0.989399936119144;0.833452485592483
ли;1.08990283913648;0.0726601892757655;0.217980567827297;0.217980567827297;0.581281514206124;0.508621324930359;0.871922271309185;0.363300946378828;-0.363300946378827;-1.8891649211699;-2.17980567827296;-2.03448529972143;0;0.435961135654593;0.145320378551531;0.363300946378828;0.726601892757654;0.871922271309185
молодец;0.582347764998049;0.406912455040478;-0.0316758198534502;0.494630110019263;0.845500729934406;0.0999006626147281;-0.119393474832236;-0.0755346473428431;0.319194800061692;-1.87374657440795;-1.96146422938673;-1.91760540189734;0.0999006626147281;0.187618317593514;-0.470264094747379;1.45952431478591;1.15251252236016;0.801641902445013
к;-1.43842121574591;-1.13201196268761;-1.13201196268761;-1.28521658921676;0.859648182191342;0.859648182191342;0.553238929133041;0.246829676074741;1.01285280872049;1.01285280872049;0.553238929133041;1.16605743524964;0.706443555662192;0.400034302603891;0.553238929133041;-0.672398083100159;-0.365988830041859;-1.89803509533336
она;-1.35540347185476;-0.771426444087548;-1.29051713543618;0.00720959293539769;0.00720959293539769;-0.64165377125039;-0.511881098413233;-0.252335752738918;-1.09585812618044;2.21334503116708;0.526300284284028;1.30493632130697;0.980504639214079;1.49959533056271;0.591186620702607;-0.446994761994654;-0.511881098413233;-0.252335752738918
весь;-0.115742710779136;-0.28935677694784;-1.67826930629747;-0.810198975453952;1.79401201707661;1.79401201707661;1.4467838847392;0.752327620064385;-0.462970843116545;0.231485421558273;1.09955575240179;-0.636584909285248;-0.636584909285248;-1.15742710779136;0.0578713553895684;-0.636584909285248;-0.462970843116545;-0.28935677694784
вы;-1.56986499269386;-0.851452199427178;-0.971187664971625;1.30378618037287;0.465637921561738;0.106431524928397;1.06431524928397;-0.37251033724939;-0.133039406160497;-0.731716733882731;0.106431524928397;-0.37251033724939;-0.0133039406160497;-0.492245802793837;-1.21065859606052;-0.133039406160497;1.9024635080951;1.9024635080951
мы;-1.19675888581536;-1.68634206637618;-0.90300897747886;0.467823928091458;-0.0217592524693703;0.467823928091458;-1.39259215803969;-0.511342433030198;-1.58842543026402;0.467823928091458;1.05532374476445;1.93657346977394;0.467823928091458;0.369907291979292;0.565740564203623;0.85949047254012;0.467823928091458;0.174074019754961
свой;-0.304798196544864;-0.942747910243416;-0.687568024763995;-0.0496183110654429;-0.0496183110654429;-0.177208253805154;0.460741459893399;-0.177208253805154;-0.177208253805154;2.11941071550964;1.48146100181108;2.11941071550964;-0.559978082024285;-0.432388139284575;-1.45310768120226;-1.19792779572284;0.0779716316742677;-0.0496183110654429
красный;-0.29640238232543;-0.182886576328457;-0.750465606313323;0.214418744660949;0.327934550657922;1.06578728963825;0.611724065650355;0.895513580642789;0.157660841662463;-2.05589737527851;-1.77210786028608;-1.94238156928154;0.838755677644302;0.554966162651869;0.781997774645815;0.725239871647329;0.725239871647329;0.100902938663976
друг;-0.135222609837916;-0.759326962935988;-0.0728121745281087;-0.0728121745281087;-0.634506092316373;-0.759326962935988;0.488881743260156;-0.0728121745281087;0.0520086960915058;-0.572095657006566;-0.384864351077145;-0.884147833555602;2.48601567317399;1.54985914352688;1.92432175538572;-0.572095657006566;-0.946558268865409;-0.634506092316373
ах;-0.346757926379564;-0.198147386502608;-0.346757926379564;-0.681131641102715;-0.82974218097967;-0.792589546010431;1.99385807668249;1.6223317269901;1.73378963189782;-1.08981062576434;-1.0526579907951;-1.12696326073358;0.730668487728367;0.656363217789889;0.693515852759128;-0.272452656441086;-0.346757926379564;-0.346757926379564
тот;-0.877423127703642;-1.59531477764298;-0.51847730273397;1.09677890962955;-0.159531477764298;-1.59531477764298;0.917305997144716;1.63519764708406;1.81467055956889;-0.877423127703642;-0.339004390249134;0.0199414347205364;-0.159531477764298;-0.339004390249134;-0.159531477764298;1.27625182211439;0.199414347205372;-0.339004390249134
бы;2.27442226688458;1.78043010032141;1.40993597539904;-0.257287586751649;-0.68953073249442;-0.0720405242904617;-0.0102915034700659;0.545449683913496;0.174955558991121;-1.24527191987798;-0.936526815776003;-1.30702094069838;0.236704579811517;-0.380785628392441;0.05145751735033;0.113206538170725;-0.936526815776003;-0.751279753314815
девица;-0.289237798553374;-0.289237798553374;-0.513163836143083;-0.625126854937937;-0.121293270361092;-0.065311760963665;0.718429370600316;0.83039238939517;1.11029993638231;-1.68877553348905;-1.74475704288648;-1.80073855228391;1.27824446457459;0.942355408190025;1.05431842698488;0.494503333010607;0.83039238939517;-0.121293270361092
уж;0.279251949637145;1.06115740862115;0.0558503899274291;2.40156676687945;0.61435428920172;1.61966130789544;-0.61435428920172;-1.06115740862115;-1.39625974818573;-0.949456628766295;-1.06115740862115;-0.837755848911436;-0.390952729492004;0.167551169782287;-0.61435428920172;0.0558503899274291;0.502653509346862;0.167551169782287
со;0.132911426052909;-0.0120828569139007;-0.229574281364115;0.567894274953337;-0.15707713988071;0.277905709019718;0.495397133469932;0.567894274953337;0.640391416436741;-0.954545696198162;-1.5345228280654;-1.67951711103221;-0.592059988781138;-0.809551413231352;-1.24453426213178;1.5103571142376;1.36536283127079;1.65535139720441
любить;-0.517578974876144;-0.213782620057538;-0.517578974876144;0.393810089579674;0.191279186367271;1.30519915403549;2.11532276688511;1.30519915403549;0.697606444398281;-1.02390623290715;-1.73276439415057;-1.02390623290715;-0.0112517168451336;-0.82137532969475;0.393810089579674;-0.517578974876144;-0.922640781300952;0.900137347610684
сердце;-0.319609651398625;-0.366765173736127;-0.508231740748633;-0.791164874773645;-0.413920696073629;-0.791164874773645;-0.225298606723621;-0.178143084386119;-0.0838320397111147;-0.555387263086135;-0.272454129061123;0.104790049638894;2.36825512183899;1.94385542080147;1.99101094313897;-0.508231740748633;-0.602542785423637;-0.791164874773645
все;-1.26241465541132;-1.17887250909734;-1.01178821646937;-0.0928246070155385;-0.67761963121343;-0.510535338585461;-0.259908899643507;-0.00928246070155389;-0.0928246070155385;1.24384973400821;1.24384973400821;1.41093402663618;0.909681148752275;1.24384973400821;1.57801831926415;-0.761161777527414;-1.09533036278335;-0.67761963121343
белый;0.915914297743298;0.781330972360609;0.444872658903887;1.92528923811346;1.05049762312599;0.781330972360609;0.17570600813851;-0.2953356307009;-0.2953356307009;-1.77575220991047;-1.64116888452779;-1.77575220991047;-0.228043968009556;-0.160752305318211;-0.2953356307009;-0.362627293392244;0.108414345447166;0.646747646977921
из;-0.262847560613173;-0.381128962889101;-0.144566158337245;-0.735973169716885;-0.499410365165029;-0.499410365165029;1.39309207124982;0.919966462146107;0.565122255318323;0.446840853042395;-0.262847560613173;-1.44566158337245;-1.32738018109653;-0.617691767440957;-1.32738018109653;1.98449908262946;1.15652926669796;1.03824786442203
ни;-0.532360651003324;-0.645095847686381;0.594991315827245;2.73696005280532;0.820461709193358;1.38413769260864;0.0313153324119607;0.0313153324119607;-0.194155060954153;-0.194155060954153;-1.54697742115083;-0.419625454320267;-0.419625454320267;0.369520922461131;0.369520922461131;-0.532360651003324;-0.30689025763721;-1.54697742115083
пойти;0.300973655581966;0.170430865209065;0.431516445954868;0.69260202670067;1.21477318819227;1.47585876893808;-0.221197505909638;0.300973655581966;-0.155926110723188;-1.5918968048251;-1.5918968048251;-1.39608261926575;-0.939182852960594;-0.678097272214792;-0.873911457774143;0.953687607446472;0.431516445954868;1.47585876893808
молодой;0.29922685932961;0.501204989377097;0.164574772631286;1.37644355291621;0.837835206122908;1.10713937951956;0.366552902678772;0.0972487292821234;-0.104729400765363;-1.45125026774861;-1.31659818105028;-1.45125026774861;-1.1146200510028;-1.18194609435196;-0.979967964304472;0.568531032726259;1.44376959626537;0.837835206122908
от;-0.399913707013433;-0.676777042638117;-0.0307625928471873;-0.953640378262801;-0.21533814993031;-0.584489264096555;-0.492201485554994;-0.953640378262801;-0.861352599721239;0.615251856943742;0.892115192568426;0.430676299860619;1.81499297798404;2.55329520631653;0.707539635485304;-0.123050371388749;-0.769064821179678;-0.953640378262801
они;-0.919824446922883;-0.854895662434209;-0.789966877945535;-0.789966877945535;-0.465322955502165;-0.595180524479513;-0.0757502485701198;-0.140679033058794;-0.140679033058794;1.67732693262408;2.1318284240448;2.26168599302215;0.313822458361925;-0.140679033058794;0.119036104895903;-0.725038093456861;-0.270536602036142;-0.595180524479513
твой;-1.31137537690652;-0.809146509155089;-1.11048382980595;-0.407363414953942;-0.708700735604803;0.195311226347781;-0.206471867853367;0.496648546998641;0.195311226347781;0.496648546998641;1.90288937670266;1.19976896185065;0.998877414750076;1.50110628250151;0.697540094099215;-1.21092960335624;-0.909592282705376;-1.01003805625566
кто;1.36903965834346;0.876185381339814;1.36903965834346;-0.848804588172945;-0.109523172667477;-1.4648724344275;-1.4648724344275;-0.725591018922033;-1.21844529592568;1.73868036609619;0.752971812088903;0.0136903965834347;0.0136903965834347;0.383331104336169;0.50654467358708;0.383331104336169;-0.972018157423856;-0.602377449671122
душа;-1.13034524963666;-1.42629018772335;-1.27831771868001;0.201406971753442;-0.612441607984955;-0.612441607984955;-0.316496669898265;-0.0945379663332481;-0.316496669898265;0.645324378883476;0.423365675318459;0.941269316970165;1.82910413123023;1.3851867241002;1.82910413123023;-0.612441607984955;-0.7604140770283;-0.0945379663332481
один;-2.04949941250675;-0.896655992971701;-1.12722467687871;0.256187426563343;1.8701682139124;-0.204949941250675;0.0256187426563338;-0.666087309064692;0.0256187426563338;0.486756110470352;0.717324794377361;1.8701682139124;0.486756110470352;0.486756110470352;0.256187426563343;-1.35779336078572;-0.204949941250675;0.0256187426563338
сам;0.609894307981125;1.27523355305144;1.49701330140822;-0.055444937089193;-0.277224685445966;0.942563930516285;1.16434367887306;-0.166334811267579;0.16633481126758;0.0554449370891933;-0.942563930516285;-1.27523355305144;-1.82968292394338;-1.49701330140822;-1.16434367887306;0.277224685445966;0.831674056337898;0.388114559624353
ко;0.9306758276605;1.11785085445256;0.369150747284333;-0.285961846487863;0.743500800868444;1.02426334105653;-0.00519930629977937;0.181975720492276;0.462738260680361;-1.59618703403226;-1.59618703403226;-1.78336206082431;-0.847486926864031;-0.660311900071975;-0.847486926864031;0.9306758276605;0.743500800868444;1.11785085445256
под;-0.869340568087011;0.638912947630213;-0.680808878622358;1.95863477388278;0.0733178792362539;1.95863477388278;-0.303745499693052;-0.303745499693052;-0.680808878622358;-1.62346732594562;-0.492277189157705;-0.115213810228399;-0.869340568087011;0.0733178792362539;-0.492277189157705;0.0733178792362539;-0.115213810228399;1.77010308441813
себя;1.51524455238642;0.873493918434523;0.392180942970602;-0.570445007957239;0.713056259946549;0.0713056259946549;0.231743284482628;1.51524455238642;0.231743284482628;-0.891320324933186;-0.570445007957239;-1.69350861737305;-0.249569690981292;-2.014383934349;-0.249569690981292;-0.730882666445213;0.0713056259946549;1.35480689389844
без;-0.687842598665989;0.0491316141904279;-0.614145177380347;-0.319355492237781;0.122829035476069;-0.614145177380347;-0.908934862522914;-1.20372454766548;-0.982632283808556;0.270223878047353;-0.245658070952139;0.122829035476069;1.81786972504583;2.1126594101884;2.03896198890275;-0.171960649666497;-0.393052913523422;-0.393052913523422
сказать;-1.37475556075905;-1.37475556075905;-0.69679391435733;1.67607184804871;0.828619790046554;0.320148555245259;0.659129378446122;1.84556225964914;1.33709102484785;-1.03577473755819;-0.69679391435733;-1.03577473755819;-0.0188322679556036;-0.188322679556035;-0.0188322679556036;-0.357813091156466;0.659129378446122;-0.527303502756898
ходить;0.592604791111721;0.338631309206698;0.169315654603349;1.01589392762009;0.423289136508372;0.931236100318419;0.677262618413395;0.76192044571507;0.931236100318419;-1.52384089143014;-1.77781437333516;-1.69315654603349;-1.10055175492177;-0.677262618413395;-0.677262618413395;-0.169315654603349;1.35452523682679;0.423289136508372
зеленый;0.515913160071036;0.515913160071036;1.30962571402648;0.9921406924443;0.9921406924443;1.15088320323539;0.277799393884404;0.19842813848886;0.039685627697772;-1.54773948021311;-1.54773948021311;-1.46836822481756;-0.833398181653211;-0.992140692444299;-0.992140692444299;-0.039685627697772;1.30962571402648;0.119056883093316
идти;-0.531456782681411;-0.87931940407288;-0.270559816637809;0.599096736840864;0.773028047536598;0.859993702884465;0.859993702884465;1.12089066892807;0.773028047536598;-0.966285059420747;-1.22718202546435;-0.531456782681411;-1.48807899150795;-1.22718202546435;-1.05325071476861;1.64268460101527;0.512131081492996;1.0339250135802
жить;-0.747634212767028;-0.592951272194539;-0.747634212767028;0.180463430667903;-0.283585391049562;0.335146371240392;-0.438268331622051;-0.438268331622051;-0.128902450477074;0.335146371240392;-1.52104891562947;-0.747634212767028;2.34602459868274;1.41792695524781;0.180463430667903;-0.128902450477074;1.88197577696528;-0.902317153339516
жена;0.801987898036958;1.22449859553935;0.872406347620691;1.29491704512309;0.37947720053456;0.661150998869492;-0.395125744886501;-0.747217992805165;-0.535962644053967;-1.16972869030756;-1.09931024072383;-1.2401471398913;-1.09931024072383;-1.0288917911401;-1.0288917911401;0.942824797204423;1.36533549470682;0.801987898036958
добрый;-0.279457131112026;0.391239983556836;-0.279457131112026;-0.0558914262224053;0.279457131112026;-0.0558914262224053;0.167674278667216;0.279457131112026;-0.726588540891268;-1.39728565556013;-1.62085136044975;-1.95619991778418;0.055891426222405;0.726588540891268;0.055891426222405;2.06798277022899;1.17371995067051;1.17371995067051
становиться;0.643728361411084;1.06253958449781;0.504124620382174;1.62095454861345;0.783332102439994;1.34174706655563;0.504124620382174;-0.891912789906924;-1.03151653093583;-0.891912789906924;-1.17112027196474;-1.58993149505147;0.0853133972954447;-0.473101566820194;-1.31072401299365;0.643728361411084;0.783332102439994;-0.612705307849104
нет;-0.67505066351819;-1.28873308489836;-1.16599660062233;-1.04326011634629;-0.306841210690086;-0.429577694966121;-0.552314179242156;-0.306841210690086;-0.429577694966121;0.797787147794225;1.04326011634629;0.67505066351819;1.53420605345043;1.65694253772647;1.7796790220025;0.184104726414052;-0.797787147794225;-0.67505066351819
поле;0.789245434537643;0.618083774035504;1.13156875554192;0.104598792529085;-0.0665628679730542;-0.751209509981613;-0.751209509981613;-0.237724528475194;-1.09353283098589;-0.580047849479473;-2.29166445450087;-0.580047849479473;1.13156875554192;-0.237724528475194;2.15853871855476;-0.0665628679730542;0.618083774035504;0.104598792529085
рука;0.952450847852302;-0.545578641002775;0.952450847852302;-0.21268319903498;-0.379130920018877;-1.54426496690616;0.286659963916712;-0.21268319903498;1.2853462898201;-0.712026361986672;0.786003126868404;1.95113717375569;-1.54426496690616;-1.04492180395447;-1.04492180395447;0.952450847852302;-0.21268319903498;0.286659963916712
говорить;1.21630297490442;1.65417204587001;1.80012840285854;0.77843390393883;-0.389216951969415;0.0486521189961768;0.340564832973238;0.0486521189961768;-0.097304237992354;-0.389216951969415;-0.973042379923538;-0.827086022935007;-1.70282416486619;-1.11899873691207;-1.11899873691207;0.6324775469503;-0.681129665946476;0.77843390393883
же;0.442150705662283;-0.454605655117558;-0.00622747472763783;1.11471797624716;-0.566700200215039;0.442150705662283;-1.3513620158974;-1.46345656099488;-1.68764565118984;-0.00622747472763783;1.78728524683205;-1.01507838060496;1.4510016115396;0.554245250759763;0.105867070369842;-0.118322019825118;1.11471797624716;-0.342511110020078
ль;0.389733775248411;-0.37556163796665;-0.630660109038337;-1.14085705118171;-0.248012402430807;-0.37556163796665;1.28257842399932;1.02747995292763;1.41012765953516;-0.885758580110024;-0.248012402430807;-1.01330781564587;1.66522613060685;1.537676895071;0.517283010784254;-0.885758580110024;-1.01330781564587;-1.01330781564587
знать;-1.4113765720901;-0.791747833123716;-1.20483365910131;-0.791747833123716;-0.791747833123716;-0.585204920134921;0.0344238188314656;1.68676712274183;0.447509644809057;1.06713838377544;-0.585204920134921;0.240966731820261;1.06713838377544;1.68676712274183;1.27368129676424;-0.998290746112511;-0.378662007146125;0.0344238188314656
где;-0.0995773183182364;0.226312087086902;-0.0995773183182364;-0.262522021020806;-0.751356129128513;-0.751356129128513;-1.07724553453365;-0.751356129128513;-0.914300831831082;0.878090897897178;2.50753792492287;0.55220149249204;1.36692500600489;1.04103560059975;0.226312087086902;0.0633673843843324;-0.588411426425944;-1.56607964264136
плакать;1.05735731928979;0.593151666918663;1.52156297166092;0.964516188815566;0.964516188815566;1.8000863630836;-0.892306420668946;-0.892306420668946;-0.985147551143171;-1.26367094256585;-1.35651207304007;-1.0779886816174;-0.520941898772043;-0.428100768297818;-0.428100768297818;0.314628275495987;0.221787145021761;0.407469405970212
свет;0.290893219997963;-0.661120954540825;-0.304115639088779;-0.542119182723476;-0.542119182723476;-0.780122726358173;0.052889676363266;-0.780122726358173;0.290893219997963;0.290893219997963;-0.185113867271431;0.052889676363266;2.07591979725819;2.43292511271024;1.1239056227194;-1.13712804181022;-0.542119182723476;-1.13712804181022
конь;-0.551783759620059;-0.551783759620059;-0.124596332817432;1.58415337439307;1.2637628042911;-0.231393189518089;-1.08576804312334;-0.765377473021371;-0.124596332817432;-1.192564899824;-1.40615861322531;-0.872174329722028;0.302591093985194;-0.231393189518089;-0.124596332817432;1.2637628042911;1.90454394449504;0.943372234189133
человек;1.02610397274287;1.68574224093471;0.201556137503063;-0.29317256364082;-0.29317256364082;-0.952810831832664;-1.11772039888062;-0.128262996592859;-0.787901264784703;-0.622991697736742;-0.622991697736742;0.201556137503063;1.68574224093471;0.366465704551025;2.01556137503063;-0.952810831832664;-1.11772039888062;-0.29317256364082
стоять;-0.396473064694917;-0.288344047050849;-0.720860117627122;0.901075147033903;0.360430058813561;0.576688094101698;0.576688094101698;1.11733318232204;0.901075147033903;-0.828989135271191;-1.1533761882034;-1.4777632411356;-0.612731099983054;-1.04524717055933;-1.36963422349153;1.76610728818645;1.33359121761018;0.360430058813561
так;-0.92813125367209;-1.06395533957532;-0.92813125367209;-0.996043296623706;-0.92813125367209;-0.724395124817241;-0.452746953010775;0.0226373476505389;-0.18109878120431;1.99208659324741;1.24505412077963;1.31296616373125;0.769669820118319;0.701757777166702;1.58461433553771;-0.384834910059159;-0.520658995962392;-0.520658995962392
муж;2.02156729040558;1.67828227882727;1.95291028808992;0.305142232514049;-0.106799781379917;0.030514223251405;-0.24411378601124;-0.312770788326901;-0.24411378601124;-0.999340811483513;-0.999340811483513;-0.930683809167851;-0.930683809167851;-0.999340811483513;-0.930683809167851;0.167828227882727;-0.0381427790642563;0.579770241776694
взять;1.35899432852301;0.65200305934919;2.2073838515316;0.369206551679662;0.369206551679662;0.793401313183955;-0.337784717494159;-0.196386463659395;-0.0549882098246305;-2.03456376351133;-1.18617424050274;-1.32757249433751;-0.479182971328923;-0.761979478998452;-0.196386463659395;-0.0549882098246305;0.793401313183955;0.0864100440101339
младой;1.01102800251896;0.800640672515013;0.485059677509095;-0.040908647500767;-0.356489642506684;-0.040908647500767;1.85257732253474;1.43180266252685;1.2214153325229;-0.987651632518519;-0.777264302514574;-1.40842629252641;-1.51361995752838;-0.987651632518519;-0.777264302514574;0.590253342511068;-0.040908647500767;-0.461683307508657
сидеть;-0.84986982215506;-0.366785923245868;-0.84986982215506;2.20966153760316;0.76040984087558;1.08246577348171;0.921437807178644;0.438353908269452;0.921437807178644;-0.84986982215506;-1.17192575476119;-1.01089778845812;-0.688841855851996;-1.01089778845812;-0.84986982215506;1.24349373978477;-0.0447299906397398;0.116297975663324
сад;0.721504303959132;1.45464577411115;1.14044228690314;0.826238799695135;0.407300816751123;1.66411476558316;-0.221106157664895;-0.0116371661928893;0.197831825279117;-1.26845111502493;-1.47792010649693;-1.47792010649693;-0.849513132080914;-1.37318561076093;-0.640044140608908;0.512035312487126;0.30256632101512;0.0930973295431139
слеза;0.5886178308885;0.35828911445387;-0.217532676632706;-0.447861393067337;-0.678190109501967;-0.793354467719283;-0.332697034850022;-0.102368318415391;-0.563025751284652;-0.332697034850022;-0.908518825936598;-0.217532676632706;1.50993269662702;2.0857544877136;2.31608320414823;-0.563025751284652;-0.793354467719283;-0.908518825936598
давать;-0.171796067734069;-0.171796067734069;-0.687184270936277;-0.687184270936277;0.343592135468138;-0.687184270936277;-0.429490169335173;-1.20257247413848;-0.171796067734069;-0.171796067734069;0.343592135468138;0.343592135468138;0.858980338670346;0.601286237069243;2.40514494827697;-0.944878372537381;1.88975674507476;-1.46026657573959
вода;1.49943549082326;0.705616701563889;1.02314421726764;-0.564493361251111;-0.246965845547361;1.18190797511951;0.388089185860139;1.18190797511951;0.0705616701563889;-0.405729603399236;-0.405729603399236;-0.882020876954861;-1.04078463480674;-1.67583966621423;-1.51707590836236;-0.405729603399236;-0.405729603399236;1.49943549082326
мать;1.10696815504295;2.23482250169048;2.10950535206298;-0.772789089369605;0.229748107650423;-0.146203341232087;0.10443095802292;-0.898106238997109;-0.647471939742102;-0.898106238997109;-1.14874053825212;-1.02342338862461;0.731016706160438;-0.522154790114598;0.10443095802292;-0.647471939742102;-0.0208861916045837;0.10443095802292
день;-0.818245061680237;-0.638630292043112;-1.17747460095449;-0.279400752768861;-0.728437676861675;-0.728437676861675;-0.279400752768861;-0.279400752768861;-0.279400752768861;1.06771001950958;1.42693955878383;0.977902634691015;0.618673095416765;2.05559125251377;1.51674694360239;-0.548822907224549;-0.9080524464988;-0.997859831317363
ночь;-0.328016671388606;-0.164008335694303;0;0;0;-0.656033342777212;-1.14805834986012;-0.820041678471515;-0.820041678471515;0.492025007082909;0.328016671388606;0.656033342777212;1.64008335694303;2.13210836402594;1.64008335694303;-1.14805834986012;-0.656033342777212;-1.14805834986012
радость;0.14960013404178;0.14960013404178;-0.254320227871026;-0.52360046914623;-0.52360046914623;-1.60072143424705;0.957440857867393;1.4960013404178;1.09208097850499;-0.388960348508628;-0.119680107233424;-1.06216095169664;0.418880375316985;1.2267210991426;1.89992170233061;-0.927520831059037;-1.06216095169664;-0.927520831059037
наш;-0.82112058575113;-1.03532595594708;-1.46373669633897;1.32093311620834;-0.82112058575113;1.32093311620834;0.464111635424552;-1.03532595594708;-0.606915215555183;-0.178504475163289;0.464111635424552;1.32093311620834;-1.24953132614302;0.249906265228605;-0.82112058575113;0.678317005620499;0.892522375816446;1.32093311620834
родной;0.693030383835561;2.18997601292038;0.859357675956096;-0.304933368887647;0.526703091715027;0.859357675956096;-0.471260661008182;-0.970242537369786;-0.637587953128717;-0.637587953128717;-1.63555170585193;-0.803915245249252;-0.803915245249252;1.02568496807663;-0.970242537369786;0.0277212153534226;-0.304933368887647;1.3583395523177
там;-0.786405731396869;-0.640474770931471;-0.494543810466072;-0.202681889535276;-0.932336691862268;-0.640474770931471;-0.0567509290698771;-1.07826765232767;-0.202681889535276;2.1322134779111;1.6944205965149;1.40255867558411;0.672903873257115;1.25662771511871;-0.202681889535276;-0.348612850000674;-1.22419861279306;-0.348612850000674
до;-0.805902107882376;-0.648225608514085;-1.27893160598725;0.928539385168825;0.29783338769566;0.928539385168825;-1.27893160598725;-0.648225608514085;-0.332872609777503;-0.963578607250667;0.14015688832737;-1.12125510661896;-0.648225608514085;1.08621588453712;0.770862885800533;0.14015688832737;1.71692188201028;1.71692188201028
другой;1.54250522582552;0.756700676820069;-0.0291038721853874;-0.814908421190843;-1.33877812052781;-0.814908421190843;-1.07684327085933;0.756700676820069;-0.814908421190843;0.756700676820069;0.232830977483098;0.756700676820069;-0.0291038721853874;0.494765827151583;1.80444007549401;0.494765827151583;-1.33877812052781;-1.33877812052781
чужой;1.80876440257119;1.80876440257119;2.35290522562882;0.176341933398305;0.0856517962220342;0.176341933398305;-0.911939712716952;-0.367798889659323;-0.730559438364409;-0.911939712716952;-0.730559438364409;-0.82124957554068;-0.00503834095423734;-0.18641861530678;0.176341933398305;-0.639869301188138;-0.549179164011866;-0.730559438364409
двор;0.922272525588926;0.693294519235814;1.38022853829515;0.80778352241237;0.464316512882701;0.80778352241237;0.693294519235814;1.03676152876548;0.922272525588926;-1.02404052841253;-1.3675075379422;-1.3675075379422;-1.25301853476564;-1.3675075379422;-1.25301853476564;-0.108128503000081;0.120849503353032;-0.108128503000081
горе;0.744265315721442;0.215445222971997;-0.313374869777449;-0.313374869777449;0.215445222971997;-0.313374869777449;-0.313374869777449;-0.489648234027264;-0.489648234027264;-1.89983514802579;-0.842194962526894;-1.37101505527634;1.4493587727207;1.09681204422107;2.15445222971996;-0.665921598277079;0.920538679971257;0.215445222971997
сторона;1.774869424631;2.12338923892218;1.42634961033982;0.264616896035894;0.96165652461825;-0.0839029182552838;0.0322703531751089;-0.897115818268032;-0.316249461116069;-1.3618089039896;-0.897115818268032;-1.3618089039896;-0.200076189685676;-0.780942546837639;-0.200076189685676;-0.432422732546462;0.0322703531751089;-0.0839029182552838
еще;1.21349390401055;1.04926164632491;0.392332615582357;-0.264596415160195;-0.264596415160195;0.885029388639271;-0.593060930531471;-1.41422221895966;-0.428828672845833;-0.264596415160195;0.720797130953634;-1.08575770358838;-0.757293188217109;-0.593060930531471;-0.921525445902747;0.556564873267996;2.52735196549565;-0.757293188217109
лес;0.118177437597175;-0.14772179699647;0.118177437597175;0.118177437597175;1.18177437597175;-0.945419500777404;-0.679520266183759;1.18177437597175;-0.14772179699647;-0.679520266183759;-1.74311720455834;-1.47721796996469;2.24537131434633;-0.679520266183759;0.91587514137811;-0.413621031590114;0.649975906784465;0.38407667219082
любовь;-1.42414579641137;-0.928790736790024;-1.05262950169536;-0.433435677168678;-0.557274442074014;-0.557274442074014;0.309596912263341;-0.0619193824526683;-0.0619193824526683;0.557274442074014;2.04333962093805;1.30030703150603;0.681113206979351;1.30030703150603;1.30030703150603;-1.05262950169536;-0.557274442074014;-0.804951971884687
о;-0.553394069354558;-0.70096582118244;-0.627179945268499;-0.70096582118244;-0.553394069354558;-0.774751697096381;-0.332036441612735;-0.70096582118244;-0.553394069354558;2.02911158763338;1.95532571171944;1.43882458032185;1.06989520075215;0.479608193440617;0.70096582118244;-0.848537573010322;-0.553394069354558;-0.774751697096381
этот;1.47920601577328;0.581710230922077;0.731292861730611;0.132962338496475;0.282544969305009;0.432127600113543;-1.5124466003974;-1.36286396958887;-1.5124466003974;-0.315785553929128;0.282544969305009;0.880875492539145;-1.0636987079718;-0.914116077163264;-1.0636987079718;0.581710230922077;1.03045812334768;1.32962338496475
гость;1.81052285782512;1.81052285782512;1.32890593998001;0.365672104289803;-0.276483786170339;0.0445941590597319;0.205133131674767;0.365672104289803;-0.115944813555303;-1.40025659447559;-0.276483786170339;-1.72133453970566;-1.23971762186055;-0.758100704015445;-0.91863967663048;0.205133131674767;0.0445941590597319;0.526211076904838
три;0.591393693564497;1.13038541428151;0.18714990302674;1.39988127464001;1.26513334446076;0.321897833205992;-0.0823459573317654;0.321897833205992;-0.217093887511018;-1.42982525912429;-1.16032939876579;-1.16032939876579;-1.42982525912429;-1.16032939876579;-1.02558146858653;0.456645763385245;0.72614162374375;1.26513334446076
земля;-1.18891778474853;-1.03039541344873;-0.871873042148922;-0.554828299549314;0.237783556949706;-0.39630592824951;-1.03039541344873;-0.237783556949706;-0.713350670849118;0.0792611856499019;0.39630592824951;0.871873042148922;2.61561912644677;1.50596252734814;1.03039541344873;-0.0792611856499021;-0.713350670849118;0.0792611856499019
черный;-0.246824768784407;-0.246824768784407;-0.069110935259634;-0.246824768784407;0.641744398839459;-0.069110935259634;1.7080273999881;1.7080273999881;2.24116890056242;-1.13539393640827;-1.31310776993305;-1.31310776993305;-0.424538602309181;-0.424538602309181;-0.069110935259634;-0.246824768784407;-0.602252435833954;0.108602898265139
ясный;0.0964637248183395;0.0964637248183395;-0.377085469744418;-0.219235738223499;-0.219235738223499;-0.219235738223499;-0.219235738223499;-0.377085469744418;-0.0613860067025797;-0.850634664307176;-1.0084843958281;-1.0084843958281;2.62205942915305;1.04356211394385;2.14851023459029;-1.0084843958281;-0.377085469744418;-0.0613860067025797
при;0.956149686096388;1.21691778230449;0.695381589888283;0.434613493680176;0.695381589888283;-0.0869226987360355;1.99922207092881;-0.0869226987360355;1.21691778230449;-1.39076317977657;-0.347690794944141;-1.65153127598467;-1.12999508356846;-0.347690794944141;-0.347690794944141;-0.608458891152247;-0.0869226987360355;-1.12999508356846
ж;-0.326920609532545;-0.607138274846156;-1.16757360547338;-0.046702944218935;0.513732386408286;-0.046702944218935;-1.44779127078699;-0.326920609532545;-0.607138274846156;1.07416771703551;1.63460304766273;1.07416771703551;0.513732386408286;1.07416771703551;1.63460304766273;-0.887355940159766;-0.607138274846156;-1.44779127078699
море;0;0.496363588102716;0.496363588102716;-0.248181794051358;-1.24090897025679;0;2.48181794051358;0.744545382154075;1.48909076430815;0;-0.992727176205432;-1.24090897025679;-0.744545382154074;-1.24090897025679;-0.992727176205432;0.248181794051358;0.496363588102716;0.248181794051358
родимый;1.60555897073945;2.50245743025598;1.70521435513018;-0.0885825639028664;0.0110728204878582;-0.487204101465765;-0.985481023419389;-0.686514870247215;-0.885825639028664;-0.985481023419389;-0.885825639028664;-0.885825639028664;0.110728204878583;-0.188237948293591;0.110728204878583;0.310038973660032;0.0110728204878582;-0.287893332684316
вот;-0.888663699196296;-0.888663699196296;-0.888663699196296;-0.431636653895344;-0.736321350762645;-0.583979002328995;-0.126951957028042;-0.888663699196296;-0.888663699196296;1.39647152730847;1.70115622417577;2.31052561791037;-0.583979002328995;-0.279294305461693;0.33007508827291;-0.126951957028042;0.787102133573862;0.787102133573862
его;-0.776316432125348;-0.371281771886036;-1.18135109236466;-0.16876444176638;-0.16876444176638;0.438787548592588;-0.16876444176638;-0.16876444176638;-0.16876444176638;2.86899551002846;0.0337528883532759;1.85640885943018;-1.18135109236466;0.236270218472932;0.0337528883532759;0.438787548592588;-0.776316432125348;-0.776316432125348
когда;-0.783210736034201;-0.898766418399903;-0.783210736034201;0.603457452354221;-0.783210736034201;-0.205432324205692;-0.205432324205692;-0.436543688937096;-0.205432324205692;2.22123700547405;0.950124499451326;2.56790405257115;-0.205432324205692;-0.436543688937096;0.256790405257115;-0.436543688937096;-0.552099371302798;-0.667655053668499
река;0.112186198832715;1.84305898082318;0.977622589827948;0.689143792829537;0.400664995831126;0.112186198832715;-0.464771395164106;0.400664995831126;0.400664995831126;-0.464771395164106;-0.176292598165695;-2.77260177115139;-0.464771395164106;-0.753250192162517;-1.04172898916093;-0.464771395164106;0.977622589827948;0.689143792829537
про;-0.280610996544861;0.107927306363408;0.107927306363408;1.07927306363408;2.24488797235889;-0.280610996544861;0.496465609271677;0.107927306363408;-0.280610996544861;-1.25195675381553;-1.6404950567238;-0.863418450907264;0.107927306363408;-1.0576876023614;-1.25195675381553;0.690734760725812;1.27354221508821;0.690734760725812
только;0.780089559734778;-0.440920185937049;-0.746172622355005;0.474837123316821;0.780089559734778;1.08534199615273;-0.135667749519092;-0.440920185937049;-1.96718236802683;0.780089559734778;-0.746172622355005;1.39059443257069;2.0010993054066;-0.440920185937049;0.169584686898865;-0.746172622355005;-0.746172622355005;-1.05142505877296
темный;0.440326642786758;0.688010379354309;0.688010379354309;0.440326642786758;0.688010379354309;1.43106158905696;-1.04577577661855;-1.2934595131861;-0.0550408303483447;-0.798092040050999;-0.550408303483447;-1.54114324975365;0.935694115921861;0.688010379354309;1.43106158905696;-1.54114324975365;0.440326642786758;-1.04577577661855
грудь;-0.262237013468172;-0.383269481222713;-0.504301948977254;-0.746366884486336;-0.988431819995418;-0.262237013468172;-0.262237013468172;-0.141204545713631;-0.383269481222713;-0.141204545713631;0.827055196322696;-0.141204545713631;2.40047727713173;1.91634740611356;1.55325000284994;-0.867399352240877;-0.988431819995418;-0.625334416731795
два;-0.610885505343884;0.011526141610262;1.25634943551855;0.218996690594977;-0.195944407374453;0.218996690594977;0.218996690594977;-0.403414956359169;-0.610885505343884;-0.818356054328599;0.426467239579692;0.011526141610262;-1.23329715229803;-1.44076770128274;-1.44076770128274;1.46381998450327;2.29370218044213;0.633937788564408
отдавать;2.41631135288592;1.66642162267995;1.81639956872114;-0.283291675855591;-0.583247567937981;0.166642162267995;0.0166642162267996;-0.433269621896786;-0.283291675855591;-1.03318140606157;-1.03318140606157;-0.883203460020372;-0.583247567937981;-0.583247567937981;-0.433269621896786;0.166642162267995;-0.583247567937981;0.466598054350385
лежать;0.551381142242972;0.296897538130831;0.551381142242972;1.31483195457939;1.06034835046725;0.0424139340186904;0.805864746355113;0.805864746355113;0.805864746355113;-0.975520482429873;-1.23000408654201;-1.99345489887844;-0.975520482429873;-0.975520482429873;-1.23000408654201;0.551381142242972;-0.466553274205591;1.06034835046725
пора;-1.37548485602048;1.50343693565029;-0.223916139352172;-1.37548485602048;-0.223916139352172;-0.223916139352172;-0.799700497686327;-0.511808318519249;-1.0875926768534;0.927652577316139;0.351868218981984;-0.799700497686327;-0.223916139352172;2.36711347315153;0.351868218981984;0.639760398149061;-0.223916139352172;0.927652577316139
тут;1.35389609924498;1.14012303094314;0.498803826037625;-0.142515378867893;0.285030757735786;-0.356288447169732;-0.356288447169732;-0.78383458377341;-0.570061515471571;0.285030757735786;-0.78383458377341;0.498803826037625;-0.997607652075249;-1.42515378867893;-1.85269992528261;0.926349962641303;1.9952153041505;0.285030757735786
хотеть;-0.706365190231406;-0.706365190231406;0.655910533786305;0.201818625780402;1.56409434979811;-0.706365190231406;0.655910533786305;-2.06864091424912;1.11000244179221;0.201818625780402;-1.16045709823731;-0.252273282225502;-0.252273282225502;-1.16045709823731;0.201818625780402;1.56409434979811;1.11000244179221;-0.252273282225502
велеть;1.62399405210091;2.22300825164632;2.22300825164632;-0.173048546535342;-0.0532457066262592;-0.652259906171675;0.425965653010074;-0.292851386444426;-0.0532457066262592;-0.772062746080759;-0.772062746080759;-0.532457066262592;-0.891865585989842;-0.891865585989842;-0.652259906171675;-0.412654226353509;-0.292851386444426;-0.0532457066262592
гора;0.446383760800581;0.159422771714494;-0.127538217371595;1.88118870623102;1.59422771714493;0.446383760800581;1.30726672805885;0.159422771714494;0.159422771714494;-0.414499206457682;-0.414499206457682;-1.27538217371595;-1.84930415188812;-0.70146019554377;-1.56234316280203;0.446383760800581;-0.414499206457682;0.159422771714494
отец;1.41975445220077;1.63632716524834;1.41975445220077;-0.31282725217983;-0.0962545391322556;0.12031817391532;-1.61226353046528;-0.962545391322555;-1.17911810437013;-1.17911810437013;-0.0962545391322556;-0.962545391322555;-0.31282725217983;-0.0962545391322556;0.12031817391532;0.336890886962894;1.63632716524834;0.12031817391532
тоска;-0.752012975741586;-0.518629638442473;-0.752012975741586;-0.0518629638442473;0.181520373454866;-0.401937969792917;-0.518629638442473;-0.0518629638442473;-0.28524630114336;-0.752012975741586;-0.518629638442473;-0.28524630114336;2.39866207779644;1.81520373454866;2.04858707184777;-0.401937969792917;-0.752012975741586;-0.401937969792917
любезный;-0.756361577239151;-0.756361577239151;-0.0581816597876271;1.86181311320406;2.21090307192982;1.16363319575254;0.465453278301016;0.989088216389658;0.465453278301016;-0.232726639150508;-0.930906556602032;-1.45454149469067;-0.407271618513389;-0.756361577239151;-0.407271618513389;-0.756361577239151;-0.407271618513389;-0.232726639150508
широкий;1.40636349962436;-0.330909058735144;0.909999911521646;0.909999911521646;1.65454529367572;0.909999911521646;-0.330909058735144;-1.07545444088922;-0.0827272646837862;-1.57181802899193;-1.57181802899193;-1.57181802899193;-0.330909058735144;-0.330909058735144;-0.0827272646837862;0.661818117470288;0.41363632341893;0.41363632341893
око;-0.0280424984432189;-0.364552479761843;-0.196297489102531;-1.03757244239909;-0.701062461080467;-1.2058274330584;-0.532807470421155;-0.532807470421155;-0.364552479761843;1.14974243617197;1.6545074081499;-0.196297489102531;1.6545074081499;1.31799742683128;1.6545074081499;-0.869317451739779;-0.869317451739779;-0.532807470421155
терем;1.25977355752831;0.611890013656605;1.04381237623774;-0.0359935302150947;-0.467915892796228;-0.0359935302150947;1.47573473881887;0.611890013656605;0.395928832366039;-1.76368298053963;-1.76368298053963;-1.76368298053963;0.179967651075472;-0.251954711505661;-0.683877074086795;-0.251954711505661;0.827851194947172;0.611890013656605
ветер;0.760912680801033;-0.172934700182053;0.29398899030949;-0.951140851001291;-0.172934700182053;-0.172934700182053;0.449630220473337;-0.484217160509748;-0.484217160509748;-0.172934700182053;-0.795499620837443;-0.639858390673596;2.16168375227566;1.53911883162027;1.85040129194797;-0.951140851001291;-0.795499620837443;-1.26242331132899
горький;0.876274254203647;0.876274254203647;0.876274254203647;0.578671677304295;0.281069100404943;-0.31413605339376;-0.462937341843436;-0.611738630293112;-0.909341207192464;-1.05814249564214;-0.760539918742788;-1.20694378409182;1.02507554265332;0.876274254203647;2.36428713870041;-0.611738630293112;-0.611738630293112;-1.20694378409182
мочь;-0.655394591734763;-0.978602883549167;-0.655394591734763;-0.332186299920359;-1.30181117536357;-0.332186299920359;-0.332186299920359;0.152626137801246;-0.170582154013157;0.960646867337255;1.93027174278047;2.25348003459487;1.12225101324446;0.47583442961565;0.152626137801246;-0.978602883549167;-0.493790445827561;-0.816998737641965
приходить;0.695212324189485;-0.72144675151739;0.695212324189485;0.695212324189485;1.16743201609178;1.63965170799407;0.459102478238339;-0.485336905566244;-0.485336905566244;-0.957556597468535;-0.485336905566244;-1.42977628937083;-1.42977628937083;-1.19366644341968;-0.957556597468535;0.931322170140631;0.695212324189485;1.16743201609178
видеть;-1.06017307179005;-0.795129803842541;-0.530086535895027;1.06017307179005;-1.32521633973757;0;-0.265043267947513;0;0;2.65043267947514;1.32521633973757;0;0;0.265043267947514;1.06017307179005;-0.530086535895027;-0.795129803842541;-1.06017307179005
лицо;0.685309617254709;0.351915749401067;0.0185218815474242;0.0185218815474242;1.01870348510835;0.351915749401067;1.35209735296199;0.685309617254709;2.01888508866928;-0.314871986306218;-1.31505358986714;-1.64844745772079;-0.314871986306218;0.351915749401067;-1.64844745772079;0.0185218815474242;-0.64826585415986;-0.981659722013503
над;-0.666100220407119;-0.529852448051117;-0.80234799276312;-0.529852448051117;0.015138641372889;-0.938595765119122;-0.393604675695116;-0.666100220407119;-0.80234799276312;1.2413685925769;1.78635968200091;1.78635968200091;1.1051208202209;0.9688730478649;0.9688730478649;-0.938595765119122;-0.666100220407119;-0.938595765119122
новый;0.573393058269284;0.0301785820141728;0.392321566184247;0.392321566184247;1.29767902660943;0.0301785820141728;-0.513035894240938;-0.875178878411012;-0.694107386325975;-0.694107386325975;-0.513035894240938;-0.694107386325975;-1.23732186258109;-1.23732186258109;-1.05625037049605;1.47875051869447;1.47875051869447;1.84089350286454
глаз;-0.824172896952509;-0.527470654049605;-0.824172896952509;-1.41757738275831;-1.12087513985541;0.0659338317562007;0.0659338317562007;1.25274280336781;1.54944504627072;0.362636074659104;0.659338317562007;0.0659338317562007;0.362636074659104;0.0659338317562007;-0.824172896952509;2.14284953207652;0.362636074659104;-1.41757738275831
это;0.630200046535322;-0.161213965392757;1.15780938782071;1.4216140584634;-0.688823306678143;-1.21643264796353;-1.48023731860622;-0.688823306678143;-0.42501863603545;1.94922339974879;-0.688823306678143;1.4216140584634;-0.161213965392757;0.102590705249936;0.630200046535322;-0.42501863603545;-0.161213965392757;-1.21643264796353
год;-0.790860225945822;0.632688180756657;1.3444623841079;-0.316344090378329;-1.02811829372957;0.632688180756657;-1.26537636151331;-0.553602158162075;-1.02811829372957;1.3444623841079;0.869946248540403;0.632688180756657;-0.790860225945822;-1.26537636151331;-0.790860225945822;-0.316344090378329;1.58172045189164;1.10720431632415
хоть;1.27557460695572;-0.0750338004091603;-0.412685902250381;-0.0750338004091603;0.937922505114503;-1.76329430961527;-1.76329430961527;1.27557460695572;-0.0750338004091603;-0.412685902250381;1.61322670879695;1.27557460695572;0.262618301432061;0.262618301432061;-0.0750338004091603;-0.750338004091603;-0.412685902250381;-1.08799010593282
цветок;-0.039774162392743;-1.23299903417503;-1.47164400853149;-0.755709085462118;-0.039774162392743;-0.994354059818576;0.198870811963715;-0.039774162392743;-0.278419136749201;0.198870811963715;0.91480573503309;-0.278419136749201;2.5853205555283;1.15345070938955;1.39209568374601;-0.278419136749201;-0.755709085462118;-0.278419136749201
дочь;1.94076815838197;2.39249867800536;1.63961447863304;0.133846079888412;-0.0167307599860514;-0.167307599860514;-0.468461279609441;-0.619038119483904;-0.468461279609441;-0.769614959358367;-0.317884439734978;-0.769614959358367;-1.07076863910729;-0.92019179923283;-0.769614959358367;-0.0167307599860514;-0.0167307599860514;0.284422919762875
речь;-0.327416267977416;0.261933014381933;0.851282296741283;-0.0327416267977414;0.261933014381933;-0.622090909157091;0.261933014381933;-0.622090909157091;-0.916765550336766;0.261933014381933;-0.622090909157091;-0.916765550336766;0.851282296741283;1.14595693792096;2.91400478499901;-0.916765550336766;-0.916765550336766;-0.916765550336766
забывать;-0.262879613239427;0.262879613239427;1.31439806619713;-1.31439806619713;-1.31439806619713;-0.262879613239427;-0.262879613239427;0;-0.262879613239427;1.84015729267599;-0.262879613239427;0.525759226478853;1.57727767943656;1.31439806619713;0.262879613239427;-1.31439806619713;-0.78863883971828;-1.05151845295771
слово;-0.24640269015229;0;-0.492805380304581;-0.739208070456872;0.985610760609162;-0.985610760609162;0.985610760609162;1.23201345076145;1.72481883106603;-1.23201345076145;0.24640269015229;1.97122152121832;-0.492805380304581;0;-0.739208070456872;-0.492805380304581;-1.47841614091374;-0.24640269015229
голова;-0.439373756903359;-0.439373756903359;0.238517182318966;-0.439373756903359;1.36833541435618;1.82026270717106;-0.213410110495917;-0.439373756903359;-0.665337403310801;0.0125535359115246;-1.34322834253313;-0.439373756903359;-0.891301049718242;-0.891301049718242;-0.665337403310801;2.27218999998594;1.14237176794873;0.0125535359115246
садиться;0.443166525563969;1.49277145453127;1.28285046873781;1.28285046873781;1.07292948294435;1.28285046873781;-0.396517417609868;-0.396517417609868;0.0233245539770509;-1.02628037499025;-1.2362013607837;-1.02628037499025;-1.2362013607837;-1.2362013607837;-1.02628037499025;-0.186596431816408;0.443166525563969;0.443166525563969
скоро;-0.975014250762611;-0.640723650501145;-0.807868950631878;-0.306433050239678;-0.640723650501145;-0.306433050239678;-0.306433050239678;0.0278575500217888;0.195002850152522;0.0278575500217888;0.0278575500217888;-0.640723650501145;1.19787465093692;1.53216525119839;3.03647295237499;-0.640723650501145;-0.139287750108944;-0.640723650501145
дорогой;0.074299961264381;0.341779821816152;0.074299961264381;0.609259682367923;-0.19317989928739;0.074299961264381;0.341779821816152;1.41169926402324;0.341779821816152;-0.995619480942704;-1.26309934149447;-1.26309934149447;-0.728139620390932;-1.26309934149447;0.074299961264381;-0.995619480942704;0.876739542919694;2.48161870623032
петь;-0.224708402639373;1.33096515409475;-1.15811253667985;1.33096515409475;1.33096515409475;0.708695731401101;-1.15811253667985;-1.15811253667985;-0.846977825333022;1.64209986544157;0.397561020054276;0.397561020054276;-0.224708402639373;0.0864263087074514;0.397561020054276;-1.46924724802667;-0.846977825333022;-0.535843113986198
высокий;1.2009760258512;0.0866683729995709;1.42383755642152;1.2009760258512;-0.581916218711405;0.309529903569896;1.2009760258512;0.532391434140221;0.755252964710547;-1.25050081042238;-1.25050081042238;-1.47336234099271;-0.35905468814108;-1.02763927985206;0.0866683729995709;-0.581916218711405;-1.25050081042238;0.978114495280872
домой;0.66914929945313;1.44622590526967;0.863418450907264;0.66914929945313;0.474880147998995;0.863418450907264;0.0863418450907264;-0.885003912179946;-0.302196457817543;-1.07927306363408;-1.07927306363408;-1.07927306363408;-0.885003912179946;-1.07927306363408;-1.27354221508821;-0.302196457817543;1.6404950567238;1.25195675381553
находить;-0.982926734881581;-0.982926734881581;-0.430030446510692;0.675762130231087;-0.982926734881581;-0.706478590696136;-0.430030446510692;0.675762130231087;0.122865841860198;0.675762130231087;0.399313986045642;-1.25937487906703;0.952210274416532;0.399313986045642;2.88734728371464;-0.430030446510692;-0.706478590696136;0.122865841860198
такой;0.221499546414996;1.71662148471622;-1.27362239188623;0.221499546414996;1.21824750528248;-0.775248412452487;-0.276874433018745;-0.775248412452487;-0.775248412452487;1.71662148471622;1.21824750528248;-0.276874433018745;-1.77199637131997;-0.276874433018745;-0.775248412452487;0.719873525848737;0.221499546414996;-0.276874433018745
ворота;-0.155175127237951;0.465525381713855;-0.155175127237951;-0.155175127237951;0.775875636189758;0.775875636189758;1.39657614514156;0.465525381713855;-0.465525381713855;-2.01727665409337;-1.39657614514156;-1.39657614514156;-0.155175127237951;-0.465525381713855;-0.465525381713855;0.155175127237952;0.775875636189758;2.01727665409337
глядеть;-0.538214954985192;0.207005751917381;0.207005751917381;-1.28343566188776;1.32483681227124;0.579616105368667;0.207005751917381;-1.28343566188776;0.207005751917381;-2.02865636879034;-0.538214954985192;-1.28343566188776;0.952226458819954;0.579616105368667;1.69744716572253;0.952226458819954;-0.165604601533905;0.207005751917381
много;-0.293016357663844;-0.952303162407494;-1.17206543065538;-0.73254089415961;-0.293016357663844;0.366270447079805;0.146508178831922;-0.293016357663844;-0.512778625911727;-0.293016357663844;0.805794983575571;-0.73254089415961;1.46508178831922;3.0034176660544;0.366270447079805;-0.512778625911727;-0.73254089415961;0.366270447079805
брат;1.57870995916992;1.11664850770555;2.50283286209865;-0.0385051209553637;1.34767923343773;-0.0385051209553637;-0.731597298151912;-0.962628023884095;-0.731597298151912;-0.50056657241973;0.192525604776819;-0.50056657241973;-1.19365874961628;-0.731597298151912;-0.731597298151912;-0.269535846687547;-0.269535846687547;-0.0385051209553637
город;-0.252648802935065;-0.469204919736548;0.180463430667903;1.04668789787384;0.397019547469387;1.26324401467532;0.180463430667903;-0.685761036538032;-0.902317153339516;-1.33542938694248;-1.33542938694248;-0.0360926861335806;-1.118873270141;-0.902317153339516;-0.252648802935065;2.12946848188126;1.26324401467532;0.830131781072355
бежать;-0.980947577101533;-0.338872799362348;-0.65991018823194;-0.65991018823194;0.303201978376838;2.22942631159439;-1.30198496597113;0.62423936724643;0.303201978376838;0.62423936724643;-0.980947577101533;-1.30198496597113;-1.30198496597113;0.303201978376838;0.945276756116023;1.26631414498562;0.303201978376838;0.62423936724643
чистый;0.330354543071723;1.37971603282896;2.07929035933378;-1.06879410993793;0.330354543071723;0.680141706324135;1.02992886957655;-0.369219783433102;-0.369219783433102;-1.41858127319034;-1.41858127319034;-1.76836843644275;0.330354543071723;0.330354543071723;-0.0194326201806892;-0.0194326201806892;-0.369219783433102;0.330354543071723
час;1.30039033179081;0.528730134903956;1.30039033179081;-1.27181032449871;-0.50015012761185;-1.27181032449871;-1.01459025886975;-1.01459025886975;-0.50015012761185;0.785950200532908;2.32927059430662;-0.242930061982899;-0.242930061982899;0.271510069275004;-0.242930061982899;-0.757370193240802;0.785950200532908;-0.242930061982899
бог;0.0686030190835284;0.0686030190835284;-0.28421250763176;-0.460620270989404;-0.28421250763176;-0.28421250763176;-0.989843561062336;-0.813435797704692;-0.813435797704692;0.950641835871748;3.06753499616348;1.65627288930232;-0.107804744274116;0.0686030190835284;-0.637028034347048;-0.813435797704692;-0.107804744274116;-0.28421250763176
хорошо;0.134425437597369;0.825756259526691;0.134425437597369;1.17142167049135;1.86275249242067;1.17142167049135;0.134425437597369;0.48009084856203;1.51708708145601;-0.902570795296615;-0.902570795296615;-1.24823620626128;-0.556905384331954;-0.902570795296615;-1.24823620626128;-0.902570795296615;-0.902570795296615;0.134425437597369
веселый;-1.15023835222349;-0.816298185448931;-1.15023835222349;0.185522314874757;0.51946248164932;-0.148417851899806;1.85522314874757;1.52128298197301;1.18734281519845;0.51946248164932;-0.482358018674368;-0.816298185448931;-0.816298185448931;1.52128298197301;-0.148417851899806;-1.15023835222349;0.185522314874757;-0.816298185448931
трава;-0.865770802748866;-1.38523328439819;-1.12550204357353;-0.0865770802748868;0.173154160549773;-0.346308321099547;0.952347883023753;1.21207912384841;0.432885401374433;-1.12550204357353;-1.12550204357353;-0.865770802748866;0.692616642199093;0.952347883023753;-0.865770802748866;0.692616642199093;0.692616642199093;1.99127284632239
добро;0.222192148358528;0.529842815316489;2.37574681706426;-1.00841051947332;-0.0854585185994338;-1.00841051947332;-0.393109185557395;-0.700759852515356;-1.00841051947332;-1.00841051947332;-0.393109185557395;-1.31606118643128;0.529842815316489;0.529842815316489;0.83749348227445;-0.0854585185994338;1.76044548314833;0.222192148358528
ум;-0.65545076545191;-1.19172866445802;-0.119172866445802;0.417105032560307;-0.65545076545191;-1.72800656346413;0.417105032560307;0.953382931566415;-0.119172866445802;2.56221662858474;1.48966083057252;-0.119172866445802;-0.65545076545191;-0.65545076545191;0.417105032560307;0.417105032560307;-0.65545076545191;-0.119172866445802
бедный;-0.234578524505271;-0.636713137942878;-0.837780444661681;-0.636713137942878;-0.636713137942878;-0.837780444661681;-0.0335112177864673;0.770758009088747;-0.234578524505271;0.569690702369943;-0.0335112177864673;-0.837780444661681;1.57502723596396;1.97716184940157;2.17822915612037;-0.636713137942878;-0.636713137942878;-0.837780444661681
золотой;0.36523431926967;-0.0730468638539341;0.36523431926967;2.11835905176409;-0.511328046977538;0.36523431926967;-0.949609230101142;-0.949609230101142;-0.511328046977538;-0.949609230101142;-0.511328046977538;-1.38789041322475;2.11835905176409;1.24179668551688;-0.0730468638539341;0.36523431926967;-0.511328046977538;-0.511328046977538
куда;0.840898305207374;0.395716849509353;-0.49464606188669;0.395716849509353;-0.49464606188669;-0.049464606188669;-0.049464606188669;-0.049464606188669;-1.38500897328273;0.840898305207374;-1.83019042898075;-1.38500897328273;-0.49464606188669;1.28607976090539;0.395716849509353;1.73126121660342;1.28607976090539;-0.939827517584712
поехать;0.864790869437951;0.420041279441291;1.08716566443628;2.19903963942793;-0.691832695550361;0.642416074439621;-0.2470831055537;-0.914207490548691;-0.2470831055537;-1.13658228554702;-1.13658228554702;-0.914207490548691;-0.914207490548691;-0.691832695550361;-0.914207490548691;1.30954045943461;0.864790869437951;0.420041279441291
или;-1.54960397294412;-0.630058758230029;-0.323543686658663;-0.936573829801394;0.289486456484067;-0.630058758230029;0.596001528055432;0.596001528055432;0.596001528055432;1.51554674276953;2.12857688591226;-1.24308890137276;0.289486456484067;0.596001528055432;0.289486456484067;0.596001528055432;-1.24308890137276;-0.936573829801394
красота;-1.06408221774881;-1.32645865500195;-1.06408221774881;-0.539329343242549;-1.06408221774881;-0.801705780495682;1.29730571752938;0.772552843023111;-0.0145764687362852;0.247799968516847;-0.0145764687362852;0.247799968516847;1.82205859203564;0.772552843023111;1.82205859203564;0.247799968516847;-1.06408221774881;-0.276952905989417
гореть;0.020492430951405;-0.71723508329918;0.389356188076698;0.758219945201991;-1.45496259754977;-0.71723508329918;-0.348371326173887;-0.348371326173887;0.020492430951405;-1.08609884042447;0.758219945201991;-0.348371326173887;1.86481121657787;2.23367497370316;0.389356188076698;-1.45496259754977;-0.348371326173887;0.389356188076698
злой;-0.309051171282525;-0.626932376030266;-0.150110568908655;-0.467991773656396;0.167770635839085;0.167770635839085;-0.785872978404136;-0.785872978404136;-0.467991773656396;-0.150110568908655;-0.626932376030266;-0.467991773656396;2.39293906907327;2.07505786432553;1.75717665957779;-0.467991773656396;-0.626932376030266;-0.626932376030266
вино;-0.61616587968525;0.392105559799705;0.728196039628023;-0.280075399856932;1.06428651945634;0.0560150799713863;0.728196039628023;2.40864843876961;1.06428651945634;-0.952256359513569;-0.952256359513569;-0.61616587968525;-0.61616587968525;-0.952256359513569;-1.28834683934189;-0.952256359513569;1.06428651945634;-0.280075399856932
лететь;-1.21219564190913;-1.21219564190913;0.0713056259946547;-0.891320324933187;-0.891320324933187;-1.21219564190913;-0.249569690981292;-0.891320324933187;0.713056259946549;0.392180942970602;0.0713056259946547;0.0713056259946547;1.35480689389844;0.0713056259946547;2.63830816180223;0.713056259946549;0.392180942970602;0.0713056259946547
печаль;1.3083598723423;2.12044531034786;0.0902317153339516;-1.1278964416744;-1.1278964416744;0.0902317153339516;0.0902317153339516;-0.721853722671613;0.496274434336734;-1.1278964416744;0.902317153339516;0.496274434336734;-0.31581100366883;1.3083598723423;0.496274434336734;-0.721853722671613;-1.1278964416744;-1.1278964416744
убивать;-0.235702260395516;1.88561808316413;1.88561808316413;1.88561808316413;0.976480793067137;0.0673435029701474;-0.235702260395516;-0.538748023761179;-0.841793787126842;-0.538748023761179;-1.44788531385817;-0.841793787126842;-0.841793787126842;-0.235702260395516;0.0673435029701474;-0.235702260395516;-0.538748023761179;-0.235702260395516
мысль;1.3060419861643;2.29588433357304;2.04842374672085;0.0687390519033843;-0.921103295505351;-0.673642708653167;-0.426182121800983;-0.178721534948799;-0.178721534948799;-0.178721534948799;0.811120812459935;0.0687390519033843;-0.426182121800983;-0.178721534948799;-0.426182121800983;-1.16856388235753;-1.16856388235753;-0.673642708653167
восходить;1.38832187972507;-0.277664375945014;-0.694160939862536;1.80481844364259;0.138832187972507;0.555328751890029;0.555328751890029;0.555328751890029;0.138832187972507;-1.11065750378006;-1.11065750378006;-1.52715406769758;0.138832187972507;-0.694160939862536;-1.11065750378006;1.80481844364259;0.138832187972507;-0.694160939862536
полно;-0.48156611230345;-0.182663008115102;0.415143200261595;1.31185251282664;0.714046304449943;-1.07937232068015;1.01294940863829;2.20856182539169;1.61075561701499;-1.07937232068015;-0.780469216491799;-0.780469216491799;-0.48156611230345;-0.780469216491799;-1.07937232068015;0.116240096073247;-0.48156611230345;-0.182663008115102
чтоб;-0.968620984328197;-0.700387480975773;-1.23685448768062;-1.23685448768062;-0.700387480975773;-0.700387480975773;0.372546532433922;0.90901353913877;0.640780035786346;2.51841455925331;0.90901353913877;0.104313029081498;1.17724704249119;0.640780035786346;0.104313029081498;-0.700387480975773;-0.43215397762335;-0.700387480975773
быстрый;0.422771624767996;0.130083576851691;-0.747980566897223;2.76427600809843;1.30083576851691;-0.162604471064614;0.130083576851691;-0.455292518980919;0.130083576851691;-1.04066861481353;-1.33335666272983;-1.04066861481353;0.715459672684301;0.715459672684301;-0.455292518980919;0.422771624767996;-0.455292518980919;-1.04066861481353
луг;1.82843271000728;0.182843271000728;0.594240630752367;-1.46274616800583;1.00563799050401;0.594240630752367;1.00563799050401;0.182843271000728;0.182843271000728;-1.46274616800583;-0.228554088750911;-1.46274616800583;0.594240630752367;1.00563799050401;0.182843271000728;-1.46274616800583;-0.63995144850255;-0.63995144850255
голос;-0.950463909105484;-1.33929005373955;-1.33929005373955;2.16014524796701;0.993666814064824;-0.950463909105484;0.216014524796701;-0.561637764471422;0.216014524796701;-0.172811619837361;-0.561637764471422;0.604840669430763;-0.172811619837361;1.77131910333295;-0.561637764471422;0.993666814064824;0.216014524796701;-0.561637764471422
нога;1.18967597549096;-0.672425551364457;-0.672425551364457;0.258625212063252;1.65520135720482;-0.206900169650602;0.724150593777107;-0.672425551364457;0.258625212063252;-0.672425551364457;0.724150593777107;0.724150593777107;-1.60347631479217;-1.60347631479217;-1.13795093307831;-0.206900169650602;0.258625212063252;1.65520135720482
проходить;1.54149095884289;-1.49331936637905;-1.05977503420449;0.240857962319202;-0.626230702029925;1.97503529101745;-0.192686369855361;-0.626230702029925;-0.626230702029925;-0.192686369855361;-0.192686369855361;0.240857962319202;1.97503529101745;-1.05977503420449;0.240857962319202;0.674402294493765;-0.192686369855361;-0.626230702029925
сестра;-0.438523139078616;-0.134930196639574;-0.134930196639574;1.38303451555563;0.472255688238509;2.29381334287276;0.168662745799467;-0.134930196639574;0.168662745799467;-1.0457090239567;-1.0457090239567;-1.34930196639574;-0.742116081517657;-1.0457090239567;-1.0457090239567;0.472255688238509;1.07944157311659;1.07944157311659
играть;-0.165137356049025;-1.43905410271294;-1.0144151871583;1.10877939061488;0.259501559505611;-1.0144151871583;0.684140475060248;-0.589776271603662;0.259501559505611;2.80733505283343;-0.165137356049025;-0.589776271603662;0.259501559505611;-0.589776271603662;1.10877939061488;-0.589776271603662;0.259501559505611;-0.589776271603662
сон;-0.559171560417647;-0.79324337640643;0.377115703537483;0.1430438875487;-0.559171560417647;-0.559171560417647;-0.559171560417647;0.377115703537483;-0.325099744428865;2.95190567941409;1.78154659947018;0.611187519526265;-0.325099744428865;-0.79324337640643;0.1430438875487;-1.02731519239521;-0.79324337640643;-0.091027928440082
вечер;-1.61970885967925;-0.6478835438717;-1.61970885967925;1.78167974564717;1.2957670877434;0.809854429839625;0.32394177193585;0.32394177193585;0.32394177193585;-1.13379620177548;-0.161970885967925;-0.161970885967925;1.2957670877434;-0.161970885967925;-1.13379620177548;0.809854429839625;0.32394177193585;-0.6478835438717
заря;0.268066975552085;-0.421248104438992;-0.765905644434531;0.268066975552085;3.0253272955164;0.612724515547625;-0.765905644434531;-1.11056318443007;-0.765905644434531;-0.0765905644434531;0.612724515547625;-0.421248104438992;-0.0765905644434531;0.957382055543163;0.612724515547625;-1.45522072442561;-0.421248104438992;-0.0765905644434531
ее;-0.813810031945968;-0.0626007716881512;0.313003858440757;-0.813810031945968;-1.18941466207488;0.313003858440757;-0.0626007716881512;-0.438205401817059;-0.813810031945968;1.06421311869857;2.94223626934311;1.43981774882748;-0.438205401817059;-0.0626007716881512;0.313003858440757;-0.813810031945968;-0.438205401817059;-0.438205401817059
верный;-1.2304415747627;-1.2304415747627;-1.2304415747627;-0.332551776962891;-0.931144975496094;-0.0332551776962891;-1.2304415747627;-0.631848376229492;-0.931144975496094;0.565338020836914;0.864634620103516;1.16393121937012;0.565338020836914;1.76252441790332;0.266041421570312;1.46322781863672;0.565338020836914;0.565338020836914
время;-0.743350846457236;-0.504416645810268;-0.743350846457236;-0.265482445163299;-0.504416645810268;-0.743350846457236;-0.504416645810268;-0.743350846457236;-0.0265482445163299;0.690254357424577;-0.743350846457236;0.929188558071545;1.64599116001245;2.60172796260033;0.929188558071545;-0.743350846457236;0.451320156777608;-0.982285047104205
путь;0.31223555118936;-0.3902944389867;-0.3902944389867;-0.74155943407473;-0.3902944389867;-1.09282442916276;-1.09282442916276;-0.74155943407473;-0.74155943407473;1.01476554136542;1.36603053645345;2.06856052662951;1.36603053645345;1.01476554136542;0.66350054627739;-0.3902944389867;-1.09282442916276;-0.74155943407473
огонь;-0.536782631258072;-0.805173946887108;-0.268391315629036;0.268391315629036;-1.07356526251614;-0.805173946887108;-0.805173946887108;-0.536782631258072;-0.805173946887108;1.34195657814518;1.87873920940325;0.536782631258072;1.34195657814518;0.805173946887107;1.61034789377421;-1.07356526251614;-0.805173946887108;-0.268391315629036
век;0.392510340148591;0.392510340148591;-0.351193462238213;-0.723045363431615;-1.09489726462502;0.0206584389551891;-1.09489726462502;0.0206584389551891;0.392510340148591;0.764362241341994;-0.723045363431615;0.764362241341994;0.764362241341994;2.2517698461156;-0.723045363431615;-1.46674916581842;1.5080660437288;-1.09489726462502
воля;-1.101817845653;-0.5351686678886;-1.101817845653;0.0314805098758002;-1.101817845653;2.2980772209334;-0.5351686678886;0.0314805098758002;0.0314805098758002;-1.101817845653;0.0314805098758002;-0.5351686678886;0.0314805098758002;1.731428043169;1.731428043169;0.0314805098758002;0.0314805098758002;0.0314805098758002
ретивый;0.566870839749238;0.566870839749238;0.29835307355223;0.029835307355223;-0.238682458841784;-0.507200225038792;-0.238682458841784;-0.238682458841784;-0.775717991235799;-0.775717991235799;-1.04423575743281;-1.04423575743281;0.835388605946245;2.17797743693128;2.17797743693128;-1.04423575743281;-1.04423575743281;0.29835307355223
через;0.473077161838516;-0.378461729470813;-0.378461729470813;0.473077161838516;2.17615494445718;0.0473077161838517;0.0473077161838517;1.75038549880251;0.473077161838516;-0.804231175125478;-1.65577006643481;0.473077161838516;-1.23000062078014;-0.378461729470813;-1.23000062078014;0.898846607493181;0.0473077161838517;-0.804231175125478
плыть;1.61970885967925;1.23097873335623;2.39716911232529;0.45351848071019;0.0647883543871701;0.45351848071019;-0.32394177193585;0.0647883543871701;-0.32394177193585;-1.49013215090491;-1.10140202458189;-0.32394177193585;-0.71267189825887;0.45351848071019;-1.10140202458189;0.0647883543871701;-0.71267189825887;-0.71267189825887
ехать;1.11840562682183;1.11840562682183;0.424222823966902;1.81258842967676;1.4654970282493;1.11840562682183;-1.31123418317042;-0.617051380315494;-0.617051380315494;-0.269959978888029;-0.964142781742959;-1.31123418317042;0.424222823966902;-0.269959978888029;-0.617051380315494;0.0771314225394368;-1.31123418317042;-0.269959978888029
прийти;-1.09644656356668;-1.49116732645069;-1.49116732645069;-1.49116732645069;0.0877157250853345;0.0877157250853345;0.0877157250853345;0.0877157250853345;0.877157250853345;0.48243648796934;0.48243648796934;-0.307005037798671;1.66659877662136;1.27187801373735;1.66659877662136;0.0877157250853345;-0.307005037798671;-0.701725800682676
рад;1.53208809722398;0.443499186038519;1.16922512682882;0.806362156433672;0.0806362156433672;-1.00795269554209;1.16922512682882;0.443499186038519;0.0806362156433672;-1.37081566593724;-0.645089725146937;-0.282226754751785;-1.37081566593724;-1.00795269554209;-1.00795269554209;0.443499186038519;-1.00795269554209;1.53208809722398
сладкий;-0.90797043132412;0.399506989782612;-0.581101076047437;-1.2348397866008;1.70698441088934;0.399506989782612;-0.90797043132412;-1.2348397866008;-1.2348397866008;0.399506989782612;-0.581101076047437;1.38011505561266;1.38011505561266;0.399506989782612;1.38011505561266;0.0726376345059296;-0.90797043132412;0.0726376345059296
весна;-0.877894217364818;-0.642042039565315;-0.642042039565315;0.773071027231706;-0.406189861765811;0.301366671632699;-0.877894217364818;-0.642042039565315;-0.406189861765811;-0.406189861765811;-0.170337683966308;0.0655144938331955;0.537218849432202;2.65988844962773;2.18818409402873;-0.642042039565315;-0.642042039565315;-0.170337683966308
видать;-0.541199896255953;-0.541199896255953;-0.541199896255953;-0.541199896255953;0.502542760809099;-1.23702833429932;0.154628541787415;-0.193285677234269;0.850456979830783;-0.541199896255953;-0.541199896255953;-0.541199896255953;1.19837119885247;2.93794229396089;0.850456979830783;-1.23702833429932;-0.193285677234269;0.154628541787415
принимать;-1.65520135720482;-0.724150593777107;-0.724150593777107;-0.724150593777107;0.672425551364456;0.206900169650602;0.672425551364456;2.53452707821987;-0.258625212063253;0.206900169650602;-1.65520135720482;0.672425551364456;-0.724150593777107;-0.258625212063253;0.206900169650602;0.206900169650602;0.206900169650602;1.13795093307831
брать;0.165984602029771;1.65984602029771;-0.132787681623817;1.06230145299053;0.763529169336947;0.165984602029771;-1.02910453258458;-0.132787681623817;-0.431559965277405;-1.02910453258458;-1.02910453258458;-1.02910453258458;-0.431559965277405;-0.730332248930992;-0.132787681623817;0.464756885683359;-0.730332248930992;2.55616287125847
прощать;-1.48715451700337;-1.04832203657615;-1.48715451700337;0.268175404705526;-0.170657075721698;-1.04832203657615;1.5846728459872;1.5846728459872;1.14584036555998;0.268175404705526;1.5846728459872;-0.609489556148923;0.268175404705526;0.268175404705526;-0.170657075721698;-0.609489556148923;-0.609489556148923;0.268175404705526
вести;-0.676692291896737;-1.18421151081929;-1.18421151081929;1.35338458379347;0.84586536487092;0.338346145948368;-0.676692291896737;-1.69173072974184;-0.676692291896737;-1.18421151081929;-0.676692291896737;0.84586536487092;0.84586536487092;-0.169173072974184;0.84586536487092;1.35338458379347;0.84586536487092;0.84586536487092
долина;0.299911803614146;0.299911803614146;-1.04969131264951;0.749779509035364;2.99911803614146;0.299911803614146;-0.599823607228292;0.749779509035364;-0.599823607228292;-0.149955901807073;0.749779509035364;-1.04969131264951;0.299911803614146;-1.04969131264951;-0.599823607228292;0.299911803614146;-1.04969131264951;-0.599823607228292
дом;0.778082968206544;0.778082968206544;-0.155616593641309;-0.622466374565235;0.778082968206544;-0.622466374565235;0.778082968206544;-1.08931615548916;0.311233187282618;-0.622466374565235;-0.155616593641309;2.64548209190225;-1.55616593641309;-0.622466374565235;-1.08931615548916;-0.622466374565235;0.311233187282618;0.778082968206544
никто;-1.40270901921696;-1.40270901921696;-0.561083607686782;1.54297992113865;0.280541803843391;1.12216721537356;-1.40270901921696;0.280541803843391;-0.140270901921696;-0.981896313451869;-0.561083607686782;-0.981896313451869;0.280541803843391;0.701354509608477;1.54297992113865;0.701354509608477;1.12216721537356;-0.140270901921696
чем;-0.112517168451335;-0.922640781300952;-0.517578974876144;-1.32770258772576;-0.112517168451335;-0.112517168451335;0.292544637973473;-0.922640781300952;0.697606444398281;2.31785367009751;0.697606444398281;1.10266825082309;-0.517578974876144;0.292544637973473;1.10266825082309;0.697606444398281;-1.32770258772576;-1.32770258772576
москва;-0.489674618506219;-0.06995351692946;0.769488686224058;2.4483730925311;-0.06995351692946;1.18920978780082;-0.489674618506219;0.349767584647299;-0.909395720082979;-0.489674618506219;-1.32911682165974;0.769488686224058;-0.909395720082979;-1.32911682165974;0.349767584647299;-0.06995351692946;-0.909395720082979;1.18920978780082
правый;1.22799851630474;-0.505646447890189;-0.0722352068414557;-0.939057688938922;0.361176034207278;1.22799851630474;-0.0722352068414557;0.361176034207278;0.794587275256011;-0.939057688938922;-0.505646447890189;-0.939057688938922;-1.37246892998766;-0.505646447890189;-1.37246892998766;-0.0722352068414557;1.22799851630474;2.09482099840221
дальний;-0.69296712972514;0.29177563356848;-0.3647195419606;1.93301357239118;1.60476598462664;1.60476598462664;-1.02121471748968;-1.02121471748968;-0.69296712972514;-1.02121471748968;-0.69296712972514;-1.02121471748968;0.94827080909756;0.29177563356848;0.94827080909756;-0.3647195419606;-0.3647195419606;-0.3647195419606
нельзя;-0.533358433144314;-0.533358433144314;-0.0533358433144314;-0.0533358433144314;0.426686746515451;0.906709336345334;-0.0533358433144314;-1.0133810229742;-0.0533358433144314;-0.533358433144314;0.426686746515451;-1.49340361280408;-0.533358433144314;0.426686746515451;2.82679969566487;-0.533358433144314;1.38673192617522;-1.0133810229742
нести;1.20491997713551;1.20491997713551;1.84281878856019;0.567021165710828;0.567021165710828;-1.34667526856322;-0.0708776457138535;1.20491997713551;-0.708776457138535;-1.9845740799879;-0.708776457138535;-0.0708776457138535;-0.0708776457138535;-0.708776457138535;-0.708776457138535;-0.0708776457138535;0.567021165710828;-0.708776457138535
бросать;0;0.393122696553448;0.393122696553448;0.393122696553448;3.14498157242759;0.393122696553448;0;-0.786245393106897;0.393122696553448;-0.393122696553448;-0.786245393106897;-1.17936808966034;-1.17936808966034;0;-0.393122696553448;0.786245393106896;-1.17936808966034;0
кровь;0.44460591382105;0;-1.33381774146315;-0.44460591382105;-1.33381774146315;-0.889211827642101;-0.889211827642101;0;0;0;2.22302956910525;1.7784236552842;0.44460591382105;0.8892118276421;0.8892118276421;-0.889211827642101;-0.889211827642101;0
об;-0.943151569855519;-0.943151569855519;-0.628767713237013;-0.628767713237013;0.943151569855519;0.628767713237013;-0.314383856618506;-0.628767713237013;-0.628767713237013;-0.628767713237013;-0.314383856618506;0.628767713237013;1.25753542647403;0.314383856618506;2.82945470956656;-0.943151569855519;-0.628767713237013;0.628767713237013
звать;-1.20457880647557;-0.78760921961864;-1.20457880647557;0.0463299540952141;1.297238714666;-0.78760921961864;0.0463299540952141;-0.78760921961864;0.0463299540952141;-1.20457880647557;0.880269127809068;0.880269127809068;-0.78760921961864;0.0463299540952141;0.0463299540952141;0.463299540952141;2.54814747523678;0.463299540952141
думать;-0.373360884822421;-0.373360884822421;0.143600340316316;-1.40728333509989;2.21144524087126;0.143600340316316;0.143600340316316;0.143600340316316;0.143600340316316;-0.373360884822421;0.143600340316316;2.72840646601;-0.373360884822421;-0.890322109961157;-0.373360884822421;-0.890322109961157;-0.373360884822421;-0.373360884822421
слышать;-0.960099847889364;0.918356376242;-0.584408603063091;-0.208717358236818;-0.208717358236818;-0.960099847889364;0.166973886589455;-0.960099847889364;-0.208717358236818;0.166973886589455;-0.960099847889364;2.42112135554709;0.918356376242;1.66973886589455;0.918356376242;-0.584408603063091;-0.584408603063091;-0.960099847889364
золото;-0.160120760829539;0.251618338446418;-0.571859860105496;-0.571859860105496;-0.160120760829539;0.251618338446418;-0.983598959381452;-0.983598959381452;-0.571859860105496;-0.983598959381452;-0.160120760829539;-0.983598959381452;2.3103138348262;2.3103138348262;0.251618338446418;0.663357437722375;-0.571859860105496;0.663357437722375
часто;-0.678820661912575;-1.23421938529559;-0.678820661912575;-0.123421938529559;-0.123421938529559;-0.123421938529559;0.431976784853457;-0.678820661912575;0.431976784853457;0.431976784853457;2.65357167838552;1.54277423161949;-0.678820661912575;0.987375508236473;0.431976784853457;-0.678820661912575;-1.23421938529559;-0.678820661912575
легкий;-0.536133951104172;-0.99567733776489;-0.536133951104172;-0.536133951104172;2.22112636886014;0.842496208877984;-0.99567733776489;0.382952822217265;-0.99567733776489;2.22112636886014;-0.0765905644434532;0.842496208877984;0.382952822217265;-0.99567733776489;-0.0765905644434532;-0.536133951104172;-0.536133951104172;-0.0765905644434532
товарищ;-0.0948404396589822;-0.663883077612874;0.47420219829491;0.47420219829491;-0.663883077612874;0.47420219829491;-0.0948404396589822;1.0432448362488;-0.663883077612874;-0.663883077612874;-1.23292571556677;-0.0948404396589822;2.18133011215658;-1.23292571556677;-0.663883077612874;-0.0948404396589822;2.18133011215658;-0.663883077612874
хмель;1.25607067942134;0.812751616096162;1.25607067942134;-0.960524637204555;-0.960524637204555;0.369432552770983;0.369432552770983;1.25607067942134;2.1427088060717;-0.960524637204555;-0.960524637204555;-0.960524637204555;-0.0738865105541967;-0.960524637204555;-0.960524637204555;-0.0738865105541967;-0.517205573879376;-0.0738865105541967
назад;1.12323747524046;1.12323747524046;2.2785674497735;-0.0320924992925848;0.545572487973938;-0.609757486559107;-1.18742247382563;-0.609757486559107;-0.609757486559107;-0.609757486559107;0.545572487973938;-0.609757486559107;-0.609757486559107;-0.609757486559107;-1.18742247382563;-0.0320924992925848;-0.609757486559107;1.70090246250698
посмотреть;2.73730530930376;1.96137624524915;1.18544718119454;-0.366410946914677;-0.366410946914677;-0.754375478941982;-0.366410946914677;-0.754375478941982;-0.754375478941982;-0.754375478941982;-0.754375478941982;-0.366410946914677;-0.366410946914677;0.0215535851126281;0.0215535851126281;0.409518117139933;-0.754375478941982;0.0215535851126281
род;-1.39678288786245;0.758253567696759;1.47659905288316;-0.678437402676048;0.0399080825103555;0.0399080825103555;0.758253567696759;-0.678437402676048;1.47659905288316;0.0399080825103555;-0.678437402676048;-0.678437402676048;-0.678437402676048;-1.39678288786245;-1.39678288786245;1.47659905288316;0.758253567696759;0.758253567696759
ничто;-0.490728560101184;-0.490728560101184;-1.04279819021502;2.82168922058181;0.0613410700126481;1.71754996035415;-1.04279819021502;0.0613410700126481;-0.490728560101184;-0.490728560101184;0.613410700126481;0.613410700126481;-1.04279819021502;-0.490728560101184;-0.490728560101184;0.0613410700126481;0.613410700126481;-0.490728560101184
стол;1.43974705169748;0.775248412452487;-0.553748866037491;-0.553748866037491;0.110749773207498;0.775248412452487;-0.553748866037491;-0.553748866037491;-0.553748866037491;-0.553748866037491;-0.553748866037491;-1.21824750528248;-1.21824750528248;-0.553748866037491;0.775248412452487;2.76874433018745;0.110749773207498;0.110749773207498
славный;-0.594361404550865;0.16981754415739;-0.594361404550865;0.933996492865646;-0.594361404550865;0.16981754415739;-0.594361404550865;-0.594361404550865;-1.35854035325912;-0.594361404550865;0.16981754415739;0.16981754415739;-1.35854035325912;0.933996492865646;0.16981754415739;2.46235439028216;1.6981754415739;-0.594361404550865
венец;0.135341739430983;0.622572001382522;0.135341739430983;-0.839118784472095;-0.839118784472095;-0.351888522520556;-0.351888522520556;-0.839118784472095;-0.351888522520556;1.10980226333406;2.08426278723714;2.08426278723714;-0.351888522520556;1.10980226333406;-0.839118784472095;-0.839118784472095;-0.839118784472095;-0.839118784472095
глубокий;-1.2986562041233;-0.51946248164932;1.03892496329864;0.25973124082466;-1.2986562041233;-1.2986562041233;0.25973124082466;-0.51946248164932;-0.51946248164932;-0.51946248164932;0.25973124082466;1.81811868577262;-1.2986562041233;0.25973124082466;1.81811868577262;0.25973124082466;1.03892496329864;0.25973124082466
расставаться;-0.485912657903775;-1.21478164475944;0.97182531580755;0.242956328951887;-0.485912657903775;-1.21478164475944;-0.485912657903775;0.242956328951887;-0.485912657903775;0.242956328951887;-0.485912657903775;0.97182531580755;2.42956328951887;1.70069430266321;-0.485912657903775;-0.485912657903775;0.242956328951887;-1.21478164475944
куст;-1.09282442916276;-1.09282442916276;-1.09282442916276;-1.09282442916276;1.71729553154148;0.31223555118936;0.31223555118936;-0.3902944389867;-0.3902944389867;-1.09282442916276;-1.09282442916276;0.31223555118936;0.31223555118936;1.71729553154148;0.31223555118936;1.71729553154148;0.31223555118936;0.31223555118936
место;1.15813204828717;-1.24721912892465;1.15813204828717;0.356348322549899;-0.445435403187374;-1.24721912892465;1.15813204828717;1.15813204828717;1.15813204828717;1.15813204828717;-0.445435403187374;-0.445435403187374;-1.24721912892465;-1.24721912892465;0.356348322549899;-0.445435403187374;-1.24721912892465;0.356348322549899
таков;-1.4184771040401;0.405279172582886;-0.506598965728607;-0.506598965728607;0.405279172582886;0.405279172582886;2.22903544920587;1.31715731089438;0.405279172582886;0.405279172582886;-0.506598965728607;-1.4184771040401;0.405279172582886;0.405279172582886;-1.4184771040401;-1.4184771040401;0.405279172582886;0.405279172582886
постоять;-0.3732884438274;0.3732884438274;1.1198653314822;-0.3732884438274;-1.1198653314822;-1.1198653314822;2.6130191067918;0.3732884438274;1.1198653314822;-1.1198653314822;0.3732884438274;0.3732884438274;-1.1198653314822;-1.1198653314822;-0.3732884438274;0.3732884438274;-0.3732884438274;0.3732884438274
плечо;-0.217961615467323;1.3513620158974;1.3513620158974;0.566700200215038;-1.00262343114968;1.3513620158974;-1.00262343114968;-1.00262343114968;-1.00262343114968;-1.00262343114968;-1.00262343114968;-0.217961615467323;-0.217961615467323;0.566700200215038;2.13602383157976;-0.217961615467323;-0.217961615467323;-0.217961615467323
сюда;0.123421938529559;-0.987375508236473;0.123421938529559;0.123421938529559;-0.987375508236473;0.123421938529559;1.23421938529559;1.23421938529559;2.34501683206162;-0.987375508236473;1.23421938529559;0.123421938529559;-0.987375508236473;0.123421938529559;-0.987375508236473;-0.987375508236473;0.123421938529559;-0.987375508236473
